Handle,Title
samsung-galaxy-a40-smart-android-phone-global-version-5-9-inch-amoled-1080-2340-25mp-samsung-smartphone-3100mah-unlocking,Samsung Galaxy A40 Smart Android Phone Global Version 5.9-inch AMOLED 1080 * 2340 25MP Samsung Smartphone 3100mAh Unlocking
fuffi-s24-pro-smartphone-cellphone-android-12-6-8inch-screen-8-256gb-16-32mp-mobile-phone-4100mah-google-play-store-phone,"FUFFI S24 Pro Smartphone Cellphone Android 12 6.8inch Screen,8+256GB 16+32MP Mobile phone 4100mAh Google Play Store Phone"
large-size-angry-rabbit-plush-toy-cute-animal-plushie-doll-kawaii-stuffed-soft-toys-model-room-decor-birthday-gifts,Large Size Angry Rabbit Plush Toy Cute Animal Plushie Doll Kawaii Stuffed Soft Toys Model Room Decor Birthday Gifts
new-disney-cartoon-stitch-angel-scrump-plush-dolls-anime-toys-lilo-stitch-stich-plush-stuffed-toys-children-birthday-gifts,New Disney Cartoon Stitch Angel Scrump Plush Dolls Anime Toys Lilo & Stitch Stich Plush Stuffed Toys Children Birthday Gifts
jaster-copper-love-heart-shaped-key-usb-flash-drive-pendrive-pen-drive-4gb-16gb-32gb-64gb-metal-keys-memory-stick-wedding-gift,JASTER Copper love heart shaped key usb flash drive pendrive pen drive 4gb 16gb 32gb 64gb metal keys memory Stick wedding gift
cartoon-piano-key-flash-drive-64gb-memory-stick-usb-flash-drive-64gb2-0-cartoon-pen-drive-64gb-usb-stick-64gb-gift-usb,Cartoon Piano Key Flash Drive 64GB Memory Stick USB Flash Drive 64GB2.0 Cartoon Pen Drive 64GB USB Stick 64GB Gift USB
cute-plush-rabbit-ears-case-for-iphone-17-pro-max-soft-fur-phone-cover-for-iphone-16-promax-15pro-14-pro-13-cute-back-cover,Cute Plush Rabbit Ears Case For iPhone 17 Pro Max Soft Fur Phone Cover For iPhone 16 ProMax 15Pro 14 Pro 13 Cute Back Cover
tablet-case-for-samsung-galaxy-tab-s6-lite-galaxy-tab-s7-ipad-pro-11-ipad-9-7-9-11inch-tablet-shoulder-bag-carrying-case-storage,Tablet Case for Samsung Galaxy Tab S6 Lite Galaxy Tab S7 IPad Pro 11-iPad 9.7 9-11Inch Tablet Shoulder Bag Carrying Case Storage
dropproof-tablet-case-for-amazon-fire-hd-8-2022-360-swivel-bracelet-holder-contrasting-design-with-shoulder-straps,"Dropproof tablet case for Amazon Fire HD 8 ( 2022), 360Â° swivel bracelet holder, contrasting design, with shoulder straps"
